-- phpMyAdmin SQL Dump
-- version 5.1.3
-- https://www.phpmyadmin.net/
--
-- Host: 127.0.0.1
-- Waktu pembuatan: 30 Jun 2022 pada 13.01
-- Versi server: 10.4.24-MariaDB
-- Versi PHP: 7.4.28

SET SQL_MODE = "NO_AUTO_VALUE_ON_ZERO";
START TRANSACTION;
SET time_zone = "+00:00";


/*!40101 SET @OLD_CHARACTER_SET_CLIENT=@@CHARACTER_SET_CLIENT */;
/*!40101 SET @OLD_CHARACTER_SET_RESULTS=@@CHARACTER_SET_RESULTS */;
/*!40101 SET @OLD_COLLATION_CONNECTION=@@COLLATION_CONNECTION */;
/*!40101 SET NAMES utf8mb4 */;

--
-- Database: `toko_herbal`
--

-- --------------------------------------------------------

--
-- Struktur dari tabel `balasan`
--

CREATE TABLE `balasan` (
  `id` int(11) NOT NULL,
  `id_users` int(11) DEFAULT NULL,
  `pesan` text DEFAULT NULL,
  `waktu` datetime DEFAULT NULL
) ENGINE=InnoDB DEFAULT CHARSET=utf8mb4;

--
-- Dumping data untuk tabel `balasan`
--

INSERT INTO `balasan` (`id`, `id_users`, `pesan`, `waktu`) VALUES
(2, 15, 'kira kira 3 sampai 4 hari kak', '2022-06-29 11:11:16'),
(3, 16, 'kira kira 2 harri', '2022-06-29 13:28:22');

-- --------------------------------------------------------

--
-- Struktur dari tabel `ci_sessions`
--

CREATE TABLE `ci_sessions` (
  `id` varchar(128) NOT NULL,
  `ip_address` varchar(45) NOT NULL,
  `timestamp` int(10) UNSIGNED NOT NULL DEFAULT 0,
  `data` blob NOT NULL
) ENGINE=InnoDB DEFAULT CHARSET=utf8mb4;

--
-- Dumping data untuk tabel `ci_sessions`
--

INSERT INTO `ci_sessions` (`id`, `ip_address`, `timestamp`, `data`) VALUES
('ua2ev007c903r4pchvgk6hujrnlhgnps', '::1', 1656488360, 0x5f5f63695f6c6173745f726567656e65726174657c693a313635363438383336303b7265646972656374696f6e7c733a36343a226148523063446f764c327876593246736147397a64433930623274764c57686c636d4a68624339775957646c6379397a5a57356b5832316c63334e685a32553d223b),
('dr8rgnh7jr2oe4nbukpirds7o5rof6d6', '::1', 1656488706, 0x5f5f63695f6c6173745f726567656e65726174657c693a313635363438383730363b7265646972656374696f6e7c733a36343a226148523063446f764c327876593246736147397a64433930623274764c57686c636d4a68624339775957646c6379397a5a57356b5832316c63334e685a32553d223b636172745f636f6e74656e74737c613a333a7b733a31303a22636172745f746f74616c223b643a32303030303b733a31313a22746f74616c5f6974656d73223b643a313b733a33323a226138376666363739613266336537316439313831613637623735343231323263223b613a363a7b733a323a226964223b733a313a2234223b733a333a22717479223b643a313b733a353a227072696365223b643a32303030303b733a343a226e616d65223b733a373a2242656b6174756c223b733a353a22726f776964223b733a33323a226138376666363739613266336537316439313831613637623735343231323263223b733a383a22737562746f74616c223b643a32303030303b7d7d),
('ejomvit2as7hacimsp5jhf97l9aoardt', '::1', 1656489142, 0x5f5f63695f6c6173745f726567656e65726174657c693a313635363438393134323b636172745f636f6e74656e74737c613a333a7b733a31303a22636172745f746f74616c223b643a32303030303b733a31313a22746f74616c5f6974656d73223b643a313b733a33323a226138376666363739613266336537316439313831613637623735343231323263223b613a363a7b733a323a226964223b733a313a2234223b733a333a22717479223b643a313b733a353a227072696365223b643a32303030303b733a343a226e616d65223b733a373a2242656b6174756c223b733a353a22726f776964223b733a33323a226138376666363739613266336537316439313831613637623735343231323263223b733a383a22737562746f74616c223b643a32303030303b7d7d5f5f4143544956455f53455353494f4e5f444154417c733a3235363a223962316131643035393334643034336532653531306361373361336131333630346139303633333561653033666564326662613561366135316630613534353434313931346161376661663833386630613930303532613061393865306338643263653463323832633137356237333334633333653334343538343933366339556153777a54494d4b4277713849444d5744665a2f304d67324c4438624a6f324664386351714d58735845417a61357547317676445236636373306750774d4878724b6d3679533345665853554a5066466f6e4c774b6e742b646e4d30514e44794f345a314430642b484b76426b7144426d6965516f38374363547658726465223b),
('jcmspnhs8ts34i6mpr19l928o1ci707r', '::1', 1656490366, 0x5f5f63695f6c6173745f726567656e65726174657c693a313635363439303336363b636172745f636f6e74656e74737c613a333a7b733a31303a22636172745f746f74616c223b643a32303030303b733a31313a22746f74616c5f6974656d73223b643a313b733a33323a226138376666363739613266336537316439313831613637623735343231323263223b613a363a7b733a323a226964223b733a313a2234223b733a333a22717479223b643a313b733a353a227072696365223b643a32303030303b733a343a226e616d65223b733a373a2242656b6174756c223b733a353a22726f776964223b733a33323a226138376666363739613266336537316439313831613637623735343231323263223b733a383a22737562746f74616c223b643a32303030303b7d7d7265646972656374696f6e7c4e3b5f5f4143544956455f53455353494f4e5f444154417c733a3235363a22356135313132643362653764313264616666366565656331386362356334306130653635313533383963373839636665623365323237336632656238343432663530306136353537373564303736333864623232396533346563373331376165336537623232613238633861326164356165623636663835653339373032656162502b757962694b7a494b65466a6b376a3771436e306159315144696850536959754d63436f4c6e5336776c4b6e472f302b63736a726f4d6966414c4743716f366642433273324f472b56576769324f654649444e5236506b4d51554541315559626a7a7271656d69426b46462f365a334442726b4861443552364e624d696b223b),
('u0bl9hbmrr2pje8nvnbhdfegag9itaki', '::1', 1656490694, 0x5f5f63695f6c6173745f726567656e65726174657c693a313635363439303639343b636172745f636f6e74656e74737c613a333a7b733a31303a22636172745f746f74616c223b643a32303030303b733a31313a22746f74616c5f6974656d73223b643a313b733a33323a226138376666363739613266336537316439313831613637623735343231323263223b613a363a7b733a323a226964223b733a313a2234223b733a333a22717479223b643a313b733a353a227072696365223b643a32303030303b733a343a226e616d65223b733a373a2242656b6174756c223b733a353a22726f776964223b733a33323a226138376666363739613266336537316439313831613637623735343231323263223b733a383a22737562746f74616c223b643a32303030303b7d7d7265646972656374696f6e7c4e3b5f5f4143544956455f53455353494f4e5f444154417c733a3235363a22356135313132643362653764313264616666366565656331386362356334306130653635313533383963373839636665623365323237336632656238343432663530306136353537373564303736333864623232396533346563373331376165336537623232613238633861326164356165623636663835653339373032656162502b757962694b7a494b65466a6b376a3771436e306159315144696850536959754d63436f4c6e5336776c4b6e472f302b63736a726f4d6966414c4743716f366642433273324f472b56576769324f654649444e5236506b4d51554541315559626a7a7271656d69426b46462f365a334442726b4861443552364e624d696b223b),
('6kffk2rqmat2v9odvo1dindsr4ar3mqr', '::1', 1656491127, 0x5f5f63695f6c6173745f726567656e65726174657c693a313635363439313132373b636172745f636f6e74656e74737c613a333a7b733a31303a22636172745f746f74616c223b643a32303030303b733a31313a22746f74616c5f6974656d73223b643a313b733a33323a226138376666363739613266336537316439313831613637623735343231323263223b613a363a7b733a323a226964223b733a313a2234223b733a333a22717479223b643a313b733a353a227072696365223b643a32303030303b733a343a226e616d65223b733a373a2242656b6174756c223b733a353a22726f776964223b733a33323a226138376666363739613266336537316439313831613637623735343231323263223b733a383a22737562746f74616c223b643a32303030303b7d7d7265646972656374696f6e7c4e3b5f5f4143544956455f53455353494f4e5f444154417c733a3235363a22356135313132643362653764313264616666366565656331386362356334306130653635313533383963373839636665623365323237336632656238343432663530306136353537373564303736333864623232396533346563373331376165336537623232613238633861326164356165623636663835653339373032656162502b757962694b7a494b65466a6b376a3771436e306159315144696850536959754d63436f4c6e5336776c4b6e472f302b63736a726f4d6966414c4743716f366642433273324f472b56576769324f654649444e5236506b4d51554541315559626a7a7271656d69426b46462f365a334442726b4861443552364e624d696b223b),
('cg84g7j36346i2883hu749jpvtcfi757', '::1', 1656491428, 0x5f5f63695f6c6173745f726567656e65726174657c693a313635363439313432383b636172745f636f6e74656e74737c613a333a7b733a31303a22636172745f746f74616c223b643a32303030303b733a31313a22746f74616c5f6974656d73223b643a313b733a33323a226138376666363739613266336537316439313831613637623735343231323263223b613a363a7b733a323a226964223b733a313a2234223b733a333a22717479223b643a313b733a353a227072696365223b643a32303030303b733a343a226e616d65223b733a373a2242656b6174756c223b733a353a22726f776964223b733a33323a226138376666363739613266336537316439313831613637623735343231323263223b733a383a22737562746f74616c223b643a32303030303b7d7d7265646972656374696f6e7c4e3b5f5f4143544956455f53455353494f4e5f444154417c733a3235363a22356135313132643362653764313264616666366565656331386362356334306130653635313533383963373839636665623365323237336632656238343432663530306136353537373564303736333864623232396533346563373331376165336537623232613238633861326164356165623636663835653339373032656162502b757962694b7a494b65466a6b376a3771436e306159315144696850536959754d63436f4c6e5336776c4b6e472f302b63736a726f4d6966414c4743716f366642433273324f472b56576769324f654649444e5236506b4d51554541315559626a7a7271656d69426b46462f365a334442726b4861443552364e624d696b223b),
('mkdhuuob95cf1cjmvl9411ki84iauubm', '::1', 1656491798, 0x5f5f63695f6c6173745f726567656e65726174657c693a313635363439313739383b636172745f636f6e74656e74737c613a333a7b733a31303a22636172745f746f74616c223b643a32303030303b733a31313a22746f74616c5f6974656d73223b643a313b733a33323a226138376666363739613266336537316439313831613637623735343231323263223b613a363a7b733a323a226964223b733a313a2234223b733a333a22717479223b643a313b733a353a227072696365223b643a32303030303b733a343a226e616d65223b733a373a2242656b6174756c223b733a353a22726f776964223b733a33323a226138376666363739613266336537316439313831613637623735343231323263223b733a383a22737562746f74616c223b643a32303030303b7d7d7265646972656374696f6e7c4e3b5f5f4143544956455f53455353494f4e5f444154417c733a3235363a22356135313132643362653764313264616666366565656331386362356334306130653635313533383963373839636665623365323237336632656238343432663530306136353537373564303736333864623232396533346563373331376165336537623232613238633861326164356165623636663835653339373032656162502b757962694b7a494b65466a6b376a3771436e306159315144696850536959754d63436f4c6e5336776c4b6e472f302b63736a726f4d6966414c4743716f366642433273324f472b56576769324f654649444e5236506b4d51554541315559626a7a7271656d69426b46462f365a334442726b4861443552364e624d696b223b),
('k8n9okb2b3sok1alb9dr5qa9eu5vphlb', '::1', 1656492268, 0x5f5f63695f6c6173745f726567656e65726174657c693a313635363439323236383b636172745f636f6e74656e74737c613a333a7b733a31303a22636172745f746f74616c223b643a32303030303b733a31313a22746f74616c5f6974656d73223b643a313b733a33323a226138376666363739613266336537316439313831613637623735343231323263223b613a363a7b733a323a226964223b733a313a2234223b733a333a22717479223b643a313b733a353a227072696365223b643a32303030303b733a343a226e616d65223b733a373a2242656b6174756c223b733a353a22726f776964223b733a33323a226138376666363739613266336537316439313831613637623735343231323263223b733a383a22737562746f74616c223b643a32303030303b7d7d7265646972656374696f6e7c4e3b5f5f4143544956455f53455353494f4e5f444154417c733a3235363a22356135313132643362653764313264616666366565656331386362356334306130653635313533383963373839636665623365323237336632656238343432663530306136353537373564303736333864623232396533346563373331376165336537623232613238633861326164356165623636663835653339373032656162502b757962694b7a494b65466a6b376a3771436e306159315144696850536959754d63436f4c6e5336776c4b6e472f302b63736a726f4d6966414c4743716f366642433273324f472b56576769324f654649444e5236506b4d51554541315559626a7a7271656d69426b46462f365a334442726b4861443552364e624d696b223b),
('6840qpt19j8kc9k6ingtahqhffcmrr2u', '::1', 1656492585, 0x5f5f63695f6c6173745f726567656e65726174657c693a313635363439323538353b636172745f636f6e74656e74737c613a333a7b733a31303a22636172745f746f74616c223b643a32303030303b733a31313a22746f74616c5f6974656d73223b643a313b733a33323a226138376666363739613266336537316439313831613637623735343231323263223b613a363a7b733a323a226964223b733a313a2234223b733a333a22717479223b643a313b733a353a227072696365223b643a32303030303b733a343a226e616d65223b733a373a2242656b6174756c223b733a353a22726f776964223b733a33323a226138376666363739613266336537316439313831613637623735343231323263223b733a383a22737562746f74616c223b643a32303030303b7d7d7265646972656374696f6e7c4e3b5f5f4143544956455f53455353494f4e5f444154417c733a3235363a22356135313132643362653764313264616666366565656331386362356334306130653635313533383963373839636665623365323237336632656238343432663530306136353537373564303736333864623232396533346563373331376165336537623232613238633861326164356165623636663835653339373032656162502b757962694b7a494b65466a6b376a3771436e306159315144696850536959754d63436f4c6e5336776c4b6e472f302b63736a726f4d6966414c4743716f366642433273324f472b56576769324f654649444e5236506b4d51554541315559626a7a7271656d69426b46462f365a334442726b4861443552364e624d696b223b),
('jd39tum1makhm7t3ofcl3tsv28t1uhlj', '::1', 1656492900, 0x5f5f63695f6c6173745f726567656e65726174657c693a313635363439323930303b636172745f636f6e74656e74737c613a333a7b733a31303a22636172745f746f74616c223b643a32303030303b733a31313a22746f74616c5f6974656d73223b643a313b733a33323a226138376666363739613266336537316439313831613637623735343231323263223b613a363a7b733a323a226964223b733a313a2234223b733a333a22717479223b643a313b733a353a227072696365223b643a32303030303b733a343a226e616d65223b733a373a2242656b6174756c223b733a353a22726f776964223b733a33323a226138376666363739613266336537316439313831613637623735343231323263223b733a383a22737562746f74616c223b643a32303030303b7d7d7265646972656374696f6e7c4e3b5f5f4143544956455f53455353494f4e5f444154417c733a3235363a22356135313132643362653764313264616666366565656331386362356334306130653635313533383963373839636665623365323237336632656238343432663530306136353537373564303736333864623232396533346563373331376165336537623232613238633861326164356165623636663835653339373032656162502b757962694b7a494b65466a6b376a3771436e306159315144696850536959754d63436f4c6e5336776c4b6e472f302b63736a726f4d6966414c4743716f366642433273324f472b56576769324f654649444e5236506b4d51554541315559626a7a7271656d69426b46462f365a334442726b4861443552364e624d696b223b),
('gtuogaqvpoicv9b46hmhvcgbat0jja0e', '::1', 1656493440, 0x5f5f63695f6c6173745f726567656e65726174657c693a313635363439333434303b7265646972656374696f6e7c4e3b5f5f4143544956455f53455353494f4e5f444154417c733a3235363a2231343965353131393561643666323030336463663231623032623365376461663035353162343861363737353164666436333538373536323033326431366266306536623739323562306336396661633038626563633266663564306532646430616364316563316539366461336262613232663065336333666565316166615742355565767543364c695a79616b5352645442366e797a75442f76305369534f44585432554233396a43746543772b6b6e314f757641422f327130545942577034517a755a4d444d67645a73394c4368645830306a396c63684544585131445244315050574a7464634e61415451326a69716b53674a635a44394573653063223b),
('2illh3hd2vrg46csnvfdfmlfqt7ftaar', '::1', 1656493812, 0x5f5f63695f6c6173745f726567656e65726174657c693a313635363439333831323b7265646972656374696f6e7c4e3b5f5f4143544956455f53455353494f4e5f444154417c733a3235363a2231343965353131393561643666323030336463663231623032623365376461663035353162343861363737353164666436333538373536323033326431366266306536623739323562306336396661633038626563633266663564306532646430616364316563316539366461336262613232663065336333666565316166615742355565767543364c695a79616b5352645442366e797a75442f76305369534f44585432554233396a43746543772b6b6e314f757641422f327130545942577034517a755a4d444d67645a73394c4368645830306a396c63684544585131445244315050574a7464634e61415451326a69716b53674a635a44394573653063223b),
('2jhthes2m27a3j7ta23c48dfgd3jsed5', '::1', 1656494115, 0x5f5f63695f6c6173745f726567656e65726174657c693a313635363439343131353b7265646972656374696f6e7c4e3b5f5f4143544956455f53455353494f4e5f444154417c733a3235363a22313835653133633063336361366664373732353532613262636536346132383332626138333531303863306330346435633131653766396136633833363362633634353063646164646339313735333435653466373363363962666563623632303139666461366238343236626665323939623936386232626230353339346233696c68717747456b67654d4a306f39356668507a4e4d2b436242384e2f4e39774e7033344a7850536a32466257314a5761643376706130794268586c384a6f65474243454b37423049564e5a5846694a4867663261686158425458454971564651535354364d6e4841452b6946316c59706d3368517a2b764f626939726546223b),
('ap0a580gogjkpehcr4cnd5aesej829i7', '::1', 1656500743, 0x5f5f63695f6c6173745f726567656e65726174657c693a313635363530303734333b7265646972656374696f6e7c4e3b5f5f4143544956455f53455353494f4e5f444154417c733a3235363a22313835653133633063336361366664373732353532613262636536346132383332626138333531303863306330346435633131653766396136633833363362633634353063646164646339313735333435653466373363363962666563623632303139666461366238343236626665323939623936386232626230353339346233696c68717747456b67654d4a306f39356668507a4e4d2b436242384e2f4e39774e7033344a7850536a32466257314a5761643376706130794268586c384a6f65474243454b37423049564e5a5846694a4867663261686158425458454971564651535354364d6e4841452b6946316c59706d3368517a2b764f626939726546223b),
('mht5auab9nh1sdllt125t6nvtavf15rg', '::1', 1656501052, 0x5f5f63695f6c6173745f726567656e65726174657c693a313635363530313035323b7265646972656374696f6e7c4e3b666f72676f745f737563636573737c623a313b5f5f63695f766172737c613a313a7b733a31343a22666f72676f745f73756363657373223b733a333a226f6c64223b7d),
('ph5c6vgl8vpu9nu4oo59umgokk1g3o2b', '::1', 1656501363, 0x5f5f63695f6c6173745f726567656e65726174657c693a313635363530313336333b7265646972656374696f6e7c4e3b6c6f67696e5f666c6173687c733a31363a22426572686173696c206c6f676f757421223b5f5f63695f766172737c613a313a7b733a31313a226c6f67696e5f666c617368223b733a333a226f6c64223b7d),
('8krd3u98eaoq591v36sq9iermvad044c', '::1', 1656501831, 0x5f5f63695f6c6173745f726567656e65726174657c693a313635363530313833313b7265646972656374696f6e7c4e3b5f5f4143544956455f53455353494f4e5f444154417c733a3235363a2262653631333065396233613738336665656238623531316338616162366434393564353863393533376537316265363363316232356536336364343235343435383434333463353037373531353835383434333830336630663435323738633734323236656433326661633533393430346231363734316661393336626664375331393666652b53704759796837415046346d65745377786848665166375a7a4f7a41797250486b3071655950624a417273374979415a514c2b3544694a733465554f6c57305430494a366a392f343842445635687478393637597249517a66566d78734a534c766342657a4e6c704d365536697a75715230654a3339795430223b),
('qil38u7336juvk4r78g0v9mt3tv0qn0k', '::1', 1656502248, 0x5f5f63695f6c6173745f726567656e65726174657c693a313635363530323234383b7265646972656374696f6e7c4e3b5f5f4143544956455f53455353494f4e5f444154417c733a3235363a2235653765383130386337633666323630666339616432653761303637383665343436363034323362393137356230386362633361666336366565643865323637646664666464366434343264343539653932633437373163616163373133343130353066633532633366343830393637343336663163356339666436623038354c497462452b52652f4a552b4373474a73704c51387573623067675237325450357979686d52307162547630555a513843634743716f667679344157704d33714e6d75617556476b3566634f4d4f49575772554a4c7767426a506468624c496374336152677a3944655773596d3577686764784333583432706365324f313452223b),
('tstv918iar4pokmbp1sj538qd3pqt8d4', '::1', 1656502250, 0x5f5f63695f6c6173745f726567656e65726174657c693a313635363530323234383b7265646972656374696f6e7c4e3b6c6f67696e5f666c6173687c733a31363a22426572686173696c206c6f676f757421223b5f5f63695f766172737c613a313a7b733a31313a226c6f67696e5f666c617368223b733a333a226f6c64223b7d),
('pue556ddo6rfr79emmb3uncvv0fsaq9b', '::1', 1656504782, 0x5f5f63695f6c6173745f726567656e65726174657c693a313635363530343738323b7265646972656374696f6e7c733a35363a226148523063446f764c327876593246736147397a64433930623274764c57686c636d4a686243397a614739774c324e6f5a574e7262335630223b636172745f636f6e74656e74737c613a333a7b733a31303a22636172745f746f74616c223b643a33303030303b733a31313a22746f74616c5f6974656d73223b643a313b733a33323a223032653734663130653033323761643836386431333866326234666464366630223b613a363a7b733a323a226964223b733a323a223237223b733a333a22717479223b643a313b733a353a227072696365223b643a33303030303b733a343a226e616d65223b733a31323a22546568204d616e6767617461223b733a353a22726f776964223b733a33323a223032653734663130653033323761643836386431333866326234666464366630223b733a383a22737562746f74616c223b643a33303030303b7d7d5f5f4143544956455f53455353494f4e5f444154417c733a3235363a226639613833316539626266613630653264616535393731383662356130383563383062393366306165636564613862323266316165333565323633393961323336643435373864373531613932333962616334663565316239376462396537323866393264623266393533393636623133386364613232326433383163663236514c4c6e48774e4d30664c767477366344335a614f6731442b49756c436d4b354e386734567251566f6f4c68504c6c4f7a77684a68596f61412f4663576a4d6e31486263702b68366a4d4e6478774c4330514d366e55565564656877774f495155587630675a67522b6132514644664c7534766b48456c782b34326e66557145223b6f726465725f7175616e746974797c613a313a7b693a32373b613a323a7b733a333a22717479223b643a313b733a353a227072696365223b643a33303030303b7d7d746f74616c5f70726963657c643a33303030303b),
('fgn1hup9vqlgekomtp9g9tcene47r2d2', '::1', 1656505716, 0x5f5f63695f6c6173745f726567656e65726174657c693a313635363530353731363b7265646972656374696f6e7c733a35363a226148523063446f764c327876593246736147397a64433930623274764c57686c636d4a686243397a614739774c324e6f5a574e7262335630223b5f5f4143544956455f53455353494f4e5f444154417c733a3235363a226639613833316539626266613630653264616535393731383662356130383563383062393366306165636564613862323266316165333565323633393961323336643435373864373531613932333962616334663565316239376462396537323866393264623266393533393636623133386364613232326433383163663236514c4c6e48774e4d30664c767477366344335a614f6731442b49756c436d4b354e386734567251566f6f4c68504c6c4f7a77684a68596f61412f4663576a4d6e31486263702b68366a4d4e6478774c4330514d366e55565564656877774f495155587630675a67522b6132514644664c7534766b48456c782b34326e66557145223b),
('3o319abr16betq2jc52nvfcf32cdails', '::1', 1656506046, 0x5f5f63695f6c6173745f726567656e65726174657c693a313635363530363034363b7265646972656374696f6e7c4e3b5f5f4143544956455f53455353494f4e5f444154417c733a3235363a2238323765643761656634653939393338353164313236613634343339653265366262616465306466326635356438616636306333383962366338623934336132653562663335303465343866393032326564366335663565613064383262326365626462336461343237656163613862643763336466313038316533643164613671475162564b4f2b6d3153503461465a3535304b733168766b795a5279396139766436637a6f6656495646774c34504648747033452b7061436c5147665965677a706a2b4470544e4d6d7368515a6e435465656749754273456a2b6b7768554a735539766a796a2b6f4a78596674446a434d6d334e4c335268386173306671223b),
('5iip8nd9nd3o87q5cdsbarhkq16qodfp', '::1', 1656506425, 0x5f5f63695f6c6173745f726567656e65726174657c693a313635363530363432353b7265646972656374696f6e7c4e3b6c6f67696e5f666c6173687c733a31363a22426572686173696c206c6f676f757421223b5f5f63695f766172737c613a313a7b733a31313a226c6f67696e5f666c617368223b733a333a226f6c64223b7d),
('tj049tp19u5604v7vn564ucrl26gtfn6', '::1', 1656507010, 0x5f5f63695f6c6173745f726567656e65726174657c693a313635363530373031303b7265646972656374696f6e7c4e3b5f5f4143544956455f53455353494f4e5f444154417c733a3235363a2232643761323837663963323163373364383531646135303862663136363934663430643431616632333932343639323563643361313563303063363266666634666332313039666138373836666434316135373636393866333239653231613663313461323634386435383936656336333239653531303365626330343936665934685a39544276504d48796b566f514c31535a61364a3441572b6d715a55386164394b6d6758646756435555684c5265333167324b7255346a524f557876384a2f37576e68773179456d7269384d507174777653356b665273726b6e746d6d584d5a5036796741717a70316a33654c6141446374646a3569524c2b57745842223b),
('fvh0c2n10n8q208turjiqd7jv20ndh7q', '::1', 1656507371, 0x5f5f63695f6c6173745f726567656e65726174657c693a313635363530373337313b7265646972656374696f6e7c4e3b5f5f4143544956455f53455353494f4e5f444154417c733a3235363a2232643761323837663963323163373364383531646135303862663136363934663430643431616632333932343639323563643361313563303063363266666634666332313039666138373836666434316135373636393866333239653231613663313461323634386435383936656336333239653531303365626330343936665934685a39544276504d48796b566f514c31535a61364a3441572b6d715a55386164394b6d6758646756435555684c5265333167324b7255346a524f557876384a2f37576e68773179456d7269384d507174777653356b665273726b6e746d6d584d5a5036796741717a70316a33654c6141446374646a3569524c2b57745842223b),
('8f8grq5lg0e15ogtlkt602m5h3kmsrsb', '::1', 1656507674, 0x5f5f63695f6c6173745f726567656e65726174657c693a313635363530373637343b7265646972656374696f6e7c4e3b5f5f4143544956455f53455353494f4e5f444154417c733a3235363a2232643761323837663963323163373364383531646135303862663136363934663430643431616632333932343639323563643361313563303063363266666634666332313039666138373836666434316135373636393866333239653231613663313461323634386435383936656336333239653531303365626330343936665934685a39544276504d48796b566f514c31535a61364a3441572b6d715a55386164394b6d6758646756435555684c5265333167324b7255346a524f557876384a2f37576e68773179456d7269384d507174777653356b665273726b6e746d6d584d5a5036796741717a70316a33654c6141446374646a3569524c2b57745842223b),
('fi7qhe6s85gdhiqrtmsjtadkjacos5m5', '::1', 1656508040, 0x5f5f63695f6c6173745f726567656e65726174657c693a313635363530383034303b7265646972656374696f6e7c4e3b),
('6lbtmcgeus3bu40k6tkip7f5n8g8j4h7', '::1', 1656508382, 0x5f5f63695f6c6173745f726567656e65726174657c693a313635363530383338323b7265646972656374696f6e7c4e3b5f5f4143544956455f53455353494f4e5f444154417c733a3235363a22366330636332373230366461383236393636623561366638656333646337613930643563663738636161663832666433663132313432613731343636316232373462306635633466386465316565376337646230643038393562376433323130373265323864623937663236373631306431303363613838646532376465346453626e526d623362344e73696f354d36304d7341765a386b634841394d4552704d31346f50683553786949322b50304e5262476f4a6657676e396f7048546d42716333324663397054643665413848454344787076514b4961434c37655a73327275517478692f46772b51717639556c344e626338466832767379697270685a223b),
('dfbln3lbkt9u7m1jl9tnd6fhml0rtim6', '::1', 1656509098, 0x5f5f63695f6c6173745f726567656e65726174657c693a313635363530393039383b7265646972656374696f6e7c4e3b6c6f67696e5f666c6173687c733a31363a22426572686173696c206c6f676f757421223b5f5f63695f766172737c613a313a7b733a31313a226c6f67696e5f666c617368223b733a333a226f6c64223b7d),
('d699qbmco29jnq7560qm8d9tp4o31b95', '::1', 1656509626, 0x5f5f63695f6c6173745f726567656e65726174657c693a313635363530393632363b7265646972656374696f6e7c4e3b5f5f4143544956455f53455353494f4e5f444154417c733a3235363a223561386339613437313431353731356136633461643033653262336633656237653463316334303139376635383133373763643530626339306362363739613232396162633237383335656165306535373065623466643933616336623263633037373832343863306532623463373066383263653164303437636132643365544b4a5830467a4a53566a7a7642383737764f435a564d2b2b2f695a484a617331567774707745626f48553862576e2b58734271534b505951744a525133394e616a78776a7a316571714f6349444b7676346f463866302f43647a336a5550775a556c39424a3841552b32594c764e66694959506f39714e444655684c725a4f223b),
('i93gg1kngulp0frakfbuqp761aqdmdfk', '::1', 1656509988, 0x5f5f63695f6c6173745f726567656e65726174657c693a313635363530393938383b7265646972656374696f6e7c4e3b5f5f4143544956455f53455353494f4e5f444154417c733a3235363a223561386339613437313431353731356136633461643033653262336633656237653463316334303139376635383133373763643530626339306362363739613232396162633237383335656165306535373065623466643933616336623263633037373832343863306532623463373066383263653164303437636132643365544b4a5830467a4a53566a7a7642383737764f435a564d2b2b2f695a484a617331567774707745626f48553862576e2b58734271534b505951744a525133394e616a78776a7a316571714f6349444b7676346f463866302f43647a336a5550775a556c39424a3841552b32594c764e66694959506f39714e444655684c725a4f223b),
('st788afdj3gl80b6sn7330lolqf13ofr', '::1', 1656510291, 0x5f5f63695f6c6173745f726567656e65726174657c693a313635363531303239313b7265646972656374696f6e7c4e3b5f5f4143544956455f53455353494f4e5f444154417c733a3235363a226363653162626665633261366163653730643337616161666634353530356462656362333765306531313661363363633834333961653162346539313665656264386664646433323063613732316437343037383530663964666265656631303565313436663132643935326330346336363033306339386539623233656365486a6d7373706356487956717a3362784e77456e6748506151365763516c6e466b4e566a6b4646773843576c382b79524d6b50444e7061525a45317a42525930612b57354a4c706f72734575304f722b47793863507445535270386b6f596373587231376758577879794e457944704f4e333639512b444c594646744e66507a223b),
('82icnk318i057kqna8s63an7vrvn3rse', '::1', 1656511742, 0x5f5f63695f6c6173745f726567656e65726174657c693a313635363531313734323b7265646972656374696f6e7c4e3b5f5f4143544956455f53455353494f4e5f444154417c733a3235363a226363653162626665633261366163653730643337616161666634353530356462656362333765306531313661363363633834333961653162346539313665656264386664646433323063613732316437343037383530663964666265656631303565313436663132643935326330346336363033306339386539623233656365486a6d7373706356487956717a3362784e77456e6748506151365763516c6e466b4e566a6b4646773843576c382b79524d6b50444e7061525a45317a42525930612b57354a4c706f72734575304f722b47793863507445535270386b6f596373587231376758577879794e457944704f4e333639512b444c594646744e66507a223b),
('6g6r15mokd4sm4rq6h8oqqpm5i65dto3', '::1', 1656512063, 0x5f5f63695f6c6173745f726567656e65726174657c693a313635363531323036333b7265646972656374696f6e7c4e3b5f5f4143544956455f53455353494f4e5f444154417c733a3235363a2265633732326566313861333134306437623661326537386663613631663335626230383463343764616161393137306466353736363866306533373638313537353565353537636332613065623663366362313261626362363632303737613161336136353837303136303366353165383164333435303739656261356330372f4663567665774959736230445242564d6334575445373434334b74666f6b2b5a34706e49592b79465a6f34447443674e34397441502b39694c66714735634235554a764f542b6e5a47494671376d47456d7353492f4e2f5172614b5671416975316c4641584571757a69375462724c6d745670654a4c783673756b43414850223b),
('25daec49q3jkkn88aofj0u72sut1ivg0', '::1', 1656512077, 0x5f5f63695f6c6173745f726567656e65726174657c693a313635363531323036333b7265646972656374696f6e7c4e3b6c6f67696e5f666c6173687c733a31363a22426572686173696c206c6f676f757421223b5f5f63695f766172737c613a313a7b733a31313a226c6f67696e5f666c617368223b733a333a226f6c64223b7d);

-- --------------------------------------------------------

--
-- Struktur dari tabel `contacts`
--

CREATE TABLE `contacts` (
  `id` int(10) NOT NULL,
  `parent_id` int(10) DEFAULT NULL,
  `name` varchar(32) NOT NULL,
  `subject` varchar(128) DEFAULT NULL,
  `email` varchar(64) NOT NULL,
  `message` mediumtext NOT NULL,
  `contact_date` datetime DEFAULT NULL,
  `status` tinyint(1) DEFAULT 1,
  `reply_at` datetime DEFAULT NULL
) ENGINE=InnoDB DEFAULT CHARSET=utf8mb4;

--
-- Dumping data untuk tabel `contacts`
--

INSERT INTO `contacts` (`id`, `parent_id`, `name`, `subject`, `email`, `message`, `contact_date`, `status`, `reply_at`) VALUES
(17, 15, 'Ardiyan', 'Halo admin', 'ardiyanramadhan4@gmail.com', 'Saya mau bertanya kira-kira berapa hari pengiriman ke kota Jember', '2022-06-29 10:56:40', 2, NULL),
(18, 16, 'Deny', 'Bertanya', 'denyfajar12@gmail.com', 'untuk pengiriman berapa lama ya ?', '2022-06-29 13:27:16', 2, NULL);

-- --------------------------------------------------------

--
-- Struktur dari tabel `coupons`
--

CREATE TABLE `coupons` (
  `id` bigint(20) NOT NULL,
  `name` varchar(191) NOT NULL,
  `code` varchar(32) NOT NULL,
  `credit` decimal(8,2) NOT NULL,
  `start_date` date NOT NULL,
  `expired_date` date NOT NULL,
  `is_active` tinyint(4) DEFAULT 1
) ENGINE=InnoDB DEFAULT CHARSET=utf8mb4;

--
-- Dumping data untuk tabel `coupons`
--

INSERT INTO `coupons` (`id`, `name`, `code`, `credit`, `start_date`, `expired_date`, `is_active`) VALUES
(7, 'Promo Juni', '130601', '5000.00', '2022-06-01', '2022-06-30', 1),
(8, 'Ujian', '170601', '10000.00', '2022-06-17', '2022-06-30', 1);

-- --------------------------------------------------------

--
-- Struktur dari tabel `customers`
--

CREATE TABLE `customers` (
  `id` bigint(20) NOT NULL,
  `user_id` bigint(20) UNSIGNED DEFAULT NULL,
  `name` varchar(191) NOT NULL,
  `phone_number` varchar(32) DEFAULT NULL,
  `address` varchar(191) NOT NULL,
  `profile_picture` varchar(191) DEFAULT NULL
) ENGINE=InnoDB DEFAULT CHARSET=utf8mb4;

--
-- Dumping data untuk tabel `customers`
--

INSERT INTO `customers` (`id`, `user_id`, `name`, `phone_number`, `address`, `profile_picture`) VALUES
(11, 2, 'Gracia Andhita Praisedayanti Bhatara', '082132620253', 'Perumahan Taman Gading Blok AC - 12', 'Dhita1.png'),
(12, 13, 'Bagus Prakoso', '08983676826', 'Perumahan Jember Permai 3 Blok L/11', 'COL_1.png'),
(13, 14, 'Praisedayanti', '084567213', 'JL jember', 'COD_2.png'),
(14, 15, 'Ardiyan', '081235655001', 'Jl. Mastrip 164 Sumbersari', 'Vue.png'),
(15, 16, 'Deny Fajar', '082111222333', 'Jember', NULL);

-- --------------------------------------------------------

--
-- Struktur dari tabel `notifikasi`
--

CREATE TABLE `notifikasi` (
  `id` int(11) NOT NULL,
  `id_order` int(11) DEFAULT NULL,
  `keterangan` text DEFAULT NULL,
  `icon` varchar(20) NOT NULL,
  `waktu` varchar(20) DEFAULT NULL
) ENGINE=InnoDB DEFAULT CHARSET=utf8mb4;

--
-- Dumping data untuk tabel `notifikasi`
--

INSERT INTO `notifikasi` (`id`, `id_order`, `keterangan`, `icon`, `waktu`) VALUES
(6, 63, 'Anda mendapatkan orderan baru', 'fas fa-shopping-cart', '2022-06-29 14:43:13'),
(7, 63, 'Pengguna telah melakukan pembayaran', 'fa fa-money-bill', '2022-06-29 14:44:26'),
(8, 64, 'Anda mendapatkan orderan baru', 'fas fa-shopping-cart', '2022-06-29 15:28:48'),
(9, 64, 'Telah melakukan pembayaran', 'fa fa-money-bill', '2022-06-29 15:44:14'),
(10, 65, 'Anda mendapatkan orderan baru', 'fas fa-shopping-cart', '2022-06-29 16:11:27'),
(11, 65, 'Telah melakukan pembayaran', 'fa fa-money-bill', '2022-06-29 16:12:34');

-- --------------------------------------------------------

--
-- Struktur dari tabel `orders`
--

CREATE TABLE `orders` (
  `id` bigint(20) NOT NULL,
  `user_id` bigint(20) UNSIGNED DEFAULT NULL,
  `coupon_id` bigint(20) DEFAULT NULL,
  `order_number` varchar(16) NOT NULL,
  `order_status` enum('1','2','3','4','5') DEFAULT '1',
  `order_date` datetime NOT NULL,
  `total_price` decimal(8,2) DEFAULT NULL,
  `total_items` int(10) DEFAULT NULL,
  `payment_method` int(11) DEFAULT 1,
  `delivery_data` text DEFAULT NULL,
  `delivered_date` datetime DEFAULT NULL,
  `finish_date` datetime DEFAULT NULL
) ENGINE=InnoDB DEFAULT CHARSET=utf8mb4;

--
-- Dumping data untuk tabel `orders`
--

INSERT INTO `orders` (`id`, `user_id`, `coupon_id`, `order_number`, `order_status`, `order_date`, `total_price`, `total_items`, `payment_method`, `delivery_data`, `delivered_date`, `finish_date`) VALUES
(23, 2, NULL, 'STI2452222780', '4', '2022-03-08 18:29:19', '240000.00', 2, 1, '{\"customer\":{\"name\":\"Gracia Andhita Praisedayanti Bhatara\",\"phone_number\":\"082132620253\",\"address\":\"Perumahan Taman Gading Blok AC - 12\"},\"note\":\"\"}', NULL, NULL),
(24, 2, NULL, 'RLQ2452222805', '4', '2022-03-11 18:48:24', '75000.00', 2, 1, '{\"customer\":{\"name\":\"Gracia Andhita Praisedayanti Bhatara\",\"phone_number\":\"082132620253\",\"address\":\"Perumahan Taman Gading Blok AC - 12\"},\"note\":\"\"}', NULL, NULL),
(25, 2, NULL, 'UON2952212238', '4', '2022-03-15 12:32:31', '40000.00', 1, 1, '{\"customer\":{\"name\":\"Gracia Andhita Praisedayanti Bhatara\",\"phone_number\":\"082132620253\",\"address\":\"Perumahan Taman Gading Blok AC - 12\"},\"note\":\"\"}', NULL, NULL),
(26, 2, NULL, 'PLF3052212019', '4', '2022-03-19 02:41:11', '40000.00', 1, 1, '{\"customer\":{\"name\":\"Gracia Andhita Praisedayanti Bhatara\",\"phone_number\":\"082132620253\",\"address\":\"Perumahan Taman Gading Blok AC - 12\"},\"note\":\"\"}', NULL, NULL),
(45, 2, NULL, 'QLR262212915', '4', '2022-06-02 04:36:34', '120000.00', 1, 1, '{\"customer\":{\"name\":\"Gracia Andhita Praisedayanti Bhatara\",\"phone_number\":\"082132620253\",\"address\":\"Perumahan Taman Gading Blok AA- 13\"},\"note\":\"\"}', NULL, NULL),
(46, 2, NULL, 'ORZ662212728', '1', '2022-06-14 16:05:17', '80000.00', 1, 1, '{\"customer\":{\"name\":\"Gracia Andhita Praisedayanti Bhatara\",\"phone_number\":\"082132620253\",\"address\":\"Perumahan Taman Gading Blok AC - 12\"},\"note\":\"\"}', NULL, NULL),
(47, 2, NULL, 'EQE762212416', '2', '2022-06-07 19:10:28', '80000.00', 1, 1, '{\"customer\":{\"name\":\"Gracia Andhita Praisedayanti Bhatara\",\"phone_number\":\"082132620253\",\"address\":\"Perumahan Taman Gading Blok AC - 12\"},\"note\":\"\"}', NULL, NULL),
(48, 2, NULL, 'WWP862212219', '1', '2022-06-08 13:34:59', '400000.00', 1, 1, '{\"customer\":{\"name\":\"Gracia Andhita Praisedayanti Bhatara\",\"phone_number\":\"082132620253\",\"address\":\"Perumahan Taman Gading Blok AC - 12\"},\"note\":\"\"}', NULL, NULL),
(49, 2, NULL, 'DWP962212360', '2', '2022-06-09 16:59:02', '110000.00', 1, 1, '{\"customer\":{\"name\":\"Gracia Andhita Praisedayanti Bhatara\",\"phone_number\":\"082132620253\",\"address\":\"Perumahan Taman Gading Blok AC - 12\"},\"note\":\"\"}', NULL, NULL),
(50, 2, NULL, 'JRV1462212681', '1', '2022-06-14 12:29:30', '40000.00', 1, 1, '{\"customer\":{\"name\":\"Gracia Andhita Praisedayanti Bhatara\",\"phone_number\":\"082132620253\",\"address\":\"Perumahan Taman Gading Blok AC - 12\"},\"note\":\"\"}', NULL, NULL),
(51, 13, NULL, 'WDK16622113847', '4', '2022-06-16 14:57:40', '40000.00', 1, 1, '{\"customer\":{\"name\":\"Bagus Prakoso\",\"phone_number\":\"08983676826\",\"address\":\"Perumahan Jember Permai 3 Blok L\\/11\"},\"note\":\"\"}', NULL, NULL),
(52, 13, 7, 'TRU166221137742', '4', '2022-06-16 15:06:04', '195000.00', 1, 1, '{\"customer\":{\"name\":\"Bagus Prakoso\",\"phone_number\":\"08983676826\",\"address\":\"Perumahan Jember Permai 3 Blok L\\/11\"},\"note\":\"\"}', NULL, NULL),
(53, 13, NULL, 'IKS16622113461', '4', '2022-06-16 15:13:04', '20000.00', 1, 1, '{\"customer\":{\"name\":\"Bagus Prakoso\",\"phone_number\":\"08983676826\",\"address\":\"Perumahan Jember Permai 3 Blok L\\/11\"},\"note\":\"\"}', NULL, NULL),
(54, 13, 7, 'TUG176221137431', '4', '2022-06-17 03:29:20', '75000.00', 1, 1, '{\"customer\":{\"name\":\"Bagus Prakoso\",\"phone_number\":\"08983676826\",\"address\":\"Perumahan Jember Permai 3 Blok L\\/11\"},\"note\":\"\"}', NULL, NULL),
(55, 2, NULL, 'IRU1762242305', '2', '2022-06-17 03:39:55', '315000.00', 4, 1, '{\"customer\":{\"name\":\"Gracia Andhita Praisedayanti Bhatara\",\"phone_number\":\"082132620253\",\"address\":\"Perumahan Taman Gading Blok AC - 12\"},\"note\":\"\"}', NULL, NULL),
(56, 14, NULL, 'KJH17622214540', '1', '2022-06-17 03:45:09', '95000.00', 2, 1, '{\"customer\":{\"name\":\"Praisedayanti\",\"phone_number\":\"084567213\",\"address\":\"JL jember\"},\"note\":\"\"}', NULL, NULL),
(57, 14, NULL, 'KLT17622114641', '1', '2022-06-17 03:47:18', '200000.00', 1, 1, '{\"customer\":{\"name\":\"Praisedayanti\",\"phone_number\":\"084567213\",\"address\":\"JL jember\"},\"note\":\"\"}', NULL, NULL),
(59, 15, NULL, 'VEZ28622115654', '2', '2022-06-28 11:03:21', '55000.00', 1, 1, '{\"customer\":{\"name\":\"Ardiyan\",\"phone_number\":\"081235655001\",\"address\":\"Jl. Mastrip 164 Sumbersari\"},\"note\":\"\"}', NULL, NULL),
(61, 16, NULL, 'ONA29622116817', '2', '2022-06-29 13:14:05', '20000.00', 1, 1, '{\"customer\":{\"name\":\"Deny Fajar\",\"phone_number\":\"082111222333\",\"address\":\"Jember\"},\"note\":\"\"}', NULL, NULL),
(62, 16, NULL, 'SJO29622116431', '2', '2022-06-29 14:13:02', '30000.00', 1, 1, '{\"customer\":{\"name\":\"Deny Fajar\",\"phone_number\":\"082111222333\",\"address\":\"Jember\"},\"note\":\"\"}', NULL, NULL),
(63, 15, NULL, 'TCE29622115069', '2', '2022-06-29 14:43:13', '200000.00', 1, 1, '{\"customer\":{\"name\":\"Ardiyan\",\"phone_number\":\"081235655001\",\"address\":\"Jl. Mastrip 164 Sumbersari\"},\"note\":\"\"}', NULL, NULL),
(64, 16, NULL, 'ZLK29622216301', '2', '2022-06-29 15:28:48', '240000.00', 2, 1, '{\"customer\":{\"name\":\"Deny Fajar\",\"phone_number\":\"082111222333\",\"address\":\"Jember\"},\"note\":\"\"}', NULL, NULL),
(65, 15, NULL, 'TBZ29622115462', '2', '2022-06-29 16:11:27', '35000.00', 1, 1, '{\"customer\":{\"name\":\"Ardiyan\",\"phone_number\":\"081235655001\",\"address\":\"Jl. Mastrip 164 Sumbersari\"},\"note\":\"\"}', NULL, NULL);

-- --------------------------------------------------------

--
-- Struktur dari tabel `order_items`
--

CREATE TABLE `order_items` (
  `id` bigint(20) NOT NULL,
  `order_id` bigint(20) DEFAULT NULL,
  `product_id` bigint(20) DEFAULT NULL,
  `order_qty` int(10) NOT NULL,
  `order_price` decimal(8,2) DEFAULT NULL
) ENGINE=InnoDB DEFAULT CHARSET=utf8mb4;

--
-- Dumping data untuk tabel `order_items`
--

INSERT INTO `order_items` (`id`, `order_id`, `product_id`, `order_qty`, `order_price`) VALUES
(32, 23, 1, 1, '40000.00'),
(33, 23, 2, 1, '200000.00'),
(34, 24, 3, 1, '55000.00'),
(35, 24, 4, 1, '20000.00'),
(36, 25, 1, 1, '40000.00'),
(37, 26, 1, 1, '40000.00'),
(53, 45, 1, 3, '40000.00'),
(54, 46, 1, 2, '40000.00'),
(55, 47, 1, 2, '40000.00'),
(56, 48, 2, 2, '200000.00'),
(57, 49, 3, 2, '55000.00'),
(58, 50, 4, 2, '20000.00'),
(59, 51, 1, 1, '40000.00'),
(60, 52, 2, 1, '200000.00'),
(61, 53, 4, 1, '20000.00'),
(62, 54, 1, 2, '40000.00'),
(63, 55, 2, 1, '200000.00'),
(64, 55, 1, 1, '40000.00'),
(65, 55, 3, 1, '55000.00'),
(66, 55, 4, 1, '20000.00'),
(67, 56, 3, 1, '55000.00'),
(68, 56, 1, 1, '40000.00'),
(71, 59, 3, 1, '55000.00'),
(73, 61, 4, 1, '20000.00'),
(74, 62, 27, 1, '30000.00'),
(75, 63, 2, 1, '200000.00'),
(76, 64, 1, 1, '40000.00'),
(77, 64, 2, 1, '200000.00'),
(78, 65, 6, 1, '35000.00');

-- --------------------------------------------------------

--
-- Struktur dari tabel `payments`
--

CREATE TABLE `payments` (
  `id` bigint(20) NOT NULL,
  `order_id` bigint(20) DEFAULT NULL,
  `payment_price` decimal(8,2) DEFAULT NULL,
  `payment_date` datetime NOT NULL,
  `picture_name` varchar(191) DEFAULT NULL,
  `payment_status` enum('1','2','3') DEFAULT '1',
  `confirmed_date` datetime DEFAULT NULL,
  `payment_data` text DEFAULT NULL
) ENGINE=InnoDB DEFAULT CHARSET=utf8mb4;

--
-- Dumping data untuk tabel `payments`
--

INSERT INTO `payments` (`id`, `order_id`, `payment_price`, `payment_date`, `picture_name`, `payment_status`, `confirmed_date`, `payment_data`) VALUES
(15, 25, '40000.00', '2022-05-29 12:33:46', '1.png', '2', NULL, '{\"transfer_to\":\"bca\",\"source\":{\"bank\":\"bri\",\"name\":\"dhita\",\"number\":\"12345\"}}'),
(16, 26, '40000.00', '2022-05-30 02:44:56', '2.png', '2', NULL, '{\"transfer_to\":\"bca\",\"source\":{\"bank\":\"BCA\",\"name\":\"Gracia\",\"number\":\"12345\"}}'),
(18, 47, '80000.00', '2022-06-07 19:15:00', 'Capture.PNG', '2', NULL, '{\"transfer_to\":\"bca\",\"source\":{\"bank\":\"Bca\",\"name\":\"Gracia Andhita P.B\",\"number\":\"1234977842\"}}'),
(20, 51, '40000.00', '2022-06-16 14:58:10', 'COL_2.png', '2', NULL, '{\"transfer_to\":\"bca\",\"source\":{\"bank\":\"bca\",\"name\":\"Bagus\",\"number\":\"1234977842\"}}'),
(21, 52, '195000.00', '2022-06-16 15:06:42', 'COD_1.png', '2', NULL, '{\"transfer_to\":\"bca\",\"source\":{\"bank\":\"bca\",\"name\":\"bagusprakoso\",\"number\":\"125673467\"}}'),
(22, 53, '20000.00', '2022-06-16 15:13:29', 'COL_1.png', '2', NULL, '{\"transfer_to\":\"bca\",\"source\":{\"bank\":\"bca\",\"name\":\"bagusprakoso\",\"number\":\"45632167\"}}'),
(23, 54, '75000.00', '2022-06-17 03:29:59', 'Dari_Teman_Sejati.jpg', '2', NULL, '{\"transfer_to\":\"bca\",\"source\":{\"bank\":\"Bca\",\"name\":\"Bagus\",\"number\":\"4567234\"}}'),
(24, 55, '315000.00', '2022-06-17 03:41:08', 'Dari_Teman_Sejati.png', '2', NULL, '{\"transfer_to\":\"bca\",\"source\":{\"bank\":\"Bca\",\"name\":\"Praise\",\"number\":\"543245\"}}'),
(25, 59, '55000.00', '2022-06-28 11:48:18', 'photo1649733595.jpeg', '2', NULL, '{\"transfer_to\":\"bca\",\"source\":{\"bank\":\"BCA\",\"name\":\"Ardiyan\",\"number\":\"20001314\"}}'),
(26, 61, '20000.00', '2022-06-29 13:16:46', 'Vue.png', '2', NULL, '{\"transfer_to\":\"bca\",\"source\":{\"bank\":\"BCA\",\"name\":\"Deny\",\"number\":\"121219883\"}}'),
(27, 62, '30000.00', '2022-06-29 14:34:59', 'admin-icon.png', '1', NULL, '{\"transfer_to\":\"bca\",\"source\":{\"bank\":\"BCA\",\"name\":\"Deny\",\"number\":\"121219883\"}}'),
(28, 63, '200000.00', '2022-06-29 14:44:26', 'Banyuwangi.png', '2', NULL, '{\"transfer_to\":\"bca\",\"source\":{\"bank\":\"BCA\",\"name\":\"Ardiyan Ramadhan\",\"number\":\"20001314\"}}'),
(29, 64, '240000.00', '2022-06-29 15:44:14', 'logo-klik.png', '2', NULL, '{\"transfer_to\":\"bca\",\"source\":{\"bank\":\"BCA\",\"name\":\"Deny Fajar\",\"number\":\"121219883\"}}'),
(30, 65, '35000.00', '2022-06-29 16:12:34', 'logobikea2.jpg', '1', NULL, '{\"transfer_to\":\"bca\",\"source\":{\"bank\":\"BCA\",\"name\":\"Bawik Ardiyan Ramadhan\",\"number\":\"20001314\"}}');

-- --------------------------------------------------------

--
-- Struktur dari tabel `products`
--

CREATE TABLE `products` (
  `id` bigint(20) NOT NULL,
  `category_id` int(10) DEFAULT NULL,
  `sku` varchar(32) DEFAULT NULL,
  `name` varchar(191) NOT NULL,
  `description` varchar(1000) DEFAULT NULL,
  `picture_name` varchar(191) DEFAULT NULL,
  `price` decimal(8,2) NOT NULL,
  `current_discount` decimal(8,2) DEFAULT 0.00,
  `stock` int(10) NOT NULL,
  `product_unit` varchar(32) DEFAULT NULL,
  `is_available` tinyint(1) DEFAULT 1,
  `add_date` datetime DEFAULT NULL
) ENGINE=InnoDB DEFAULT CHARSET=utf8mb4;

--
-- Dumping data untuk tabel `products`
--

INSERT INTO `products` (`id`, `category_id`, `sku`, `name`, `description`, `picture_name`, `price`, `current_discount`, `stock`, `product_unit`, `is_available`, `add_date`) VALUES
(1, 1, 'TTTH450149', 'Teh Teki', 'Khasiat: Membantu memelihara kesehatan pada penderita kanker\r\nDosis Pemakaian: 2x sehari untuk memelihara kesehatan. Bagi yang mengalami gangguan kesehatan atau untuk anak-anak bisa konsultasi lebih lanjut\r\nCara Penyajian:\r\nSiapkan air hangat kurang lebih 750 ml – 1 L dengan suhu 40°C - 50°C\r\nMasukkan 1 sachet diamkan selama ± 10 menit\r\nCara Penyimpanan: Simpan Teh Teki di tempat yang kering, bersih, dan terlindungi dari sinar matahari secara langsung pada suhu di bawah 30°C', 'Teh_Teki1.jpeg', '40000.00', '0.00', 47, 'box', 1, '2022-04-29 15:49:09'),
(2, 3, 'XMCOL250454', 'X3 Man', 'Khasiat: Membantu memelihara kesehatan tubuh\r\nDosis Pemakaian: 1-5 tetes 3x. Bagi yang mengalami gangguan kesehatan atau untuk anak-anak bisa konsultasi lebih lanjut\r\nCara Penyajian:\r\nKocok botol terlebih dahulu sebelum dikonsumsi\r\nDiminum sebelum makan, dapat dicampur dengan air putih, jus, susu, teh, dan lain-lain (tidak panas)\r\nCara Penyimpanan: Setelah dibuka, tutup botol dengan rapat, dan simpan di tempat yang kering, bersih, dan terlindungi dari sinar matahari secara langsung.', 'X3Man1.jpeg', '200000.00', '0.00', 46, 'botol', 1, '2022-04-29 15:54:14'),
(3, 2, 'YCOL550580', 'Yakoli', 'Khasiat: Membantu meredakan gejala masuk angin, seperti perut kembung dan mual\r\nCara Pemakaian:\r\nKocok botol terlebih dahulu sebelum digunakan\r\nDioleskan pada bagian tubuh yang sakit\r\nCara Penyimpanan: Setelah dibuka, tutup botol dengan rapat, dan simpan di tempat yang kering, bersih, dan terlindungi dari sinar matahari secara langsung pada suhu di bawah 30°C', 'Yakoli.jpeg', '55000.00', '0.00', 49, 'botol', 1, '2022-04-29 15:56:20'),
(4, 4, 'BCOD250654', 'Bekatul', 'Komposisi: Terbuat dari bahan alami bekatul atau rice bran\r\nCara Pemakaian:\r\nTuang 1 sachet bekatul ke dalam mangkuk\r\nTambahkan 3 sendok makan air panas\r\nAduk hingga tercampur rata\r\nBekatul siap dinikmati\r\nKunyah hingga terasa manis di mulut dan telan\r\nCara Penyimpanan: Setelah dibuka, tutup botol dengan rapat, dan simpan di tempat yang kering, bersih, dan terlindungi dari sinar matahari secara langsung pada suhu di bawah 30°C', 'Bekatul.jpeg', '20000.00', '0.00', 46, 'box', 1, '2022-04-29 15:57:34'),
(5, 2, 'PWCOL850936', 'Produk W-9', 'Khasiat: Membantu meringankan luka bakar yang ringan seperti kemerahan tanpa melepuh\r\nCara Pemakaian:\r\nKocok botol terlebih dahulu sebelum digunakan\r\nBersihkan luka dengan air, kemudian oleskan W-9 secukupnya\r\nCara Penyimpanan: Setelah dibuka, tutup botol dengan rapat, dan simpan di tempat yang kering, bersih, dan terlindungi dari sinar matahari secara langsung pada suhu di bawah 30°C', 'W-9.jpeg', '80000.00', '0.00', 50, 'Botol', 1, '2022-04-29 16:02:16'),
(6, 3, 'KCOD350986', 'Kisoya', 'Komposisi\r\nCoffe arabica semen\r\nGlycine max semen\r\nCyperus rotundus rhizoma\r\nOryza sativa eyes\r\nCara penyajian\r\n1. Tuangkan 1 sachet KISOYA ke dalam gelas\r\n2. Tambahkan 150 ml air panas, aduk hingga tercampur rata\r\n3. KISOYA siap dinikmati', 'Kisoya.jpeg', '35000.00', '0.00', 49, 'box', 1, '2022-04-29 16:03:06'),
(27, 3, 'TMCOD350248', 'Teh Manggata', 'Khasiat: Membantu memelihara kesehatan pada penderita kanker\r\nDosis Pemakaian: 2x sehari untuk memelihara kesehatan. Bagi yang mengalami gangguan kesehatan atau untuk anak-anak bisa konsultasi lebih lanjut\r\nCara Penyajian:\r\nSiapkan air hangat kurang lebih 750 ml – 1 L dengan suhu 40°C - 50°C\r\nMasukkan 1 sachet diamkan selama ± 10 menit\r\nCara Penyimpanan: Simpan Teh Teki di tempat yang kering, bersih, dan terlindungi dari sinar matahari secara langsung pada suhu di bawah 30°C\r\n', 'Teh_Teki2.jpeg', '30000.00', '0.00', 49, 'box', 1, '2022-06-17 03:27:28');

-- --------------------------------------------------------

--
-- Struktur dari tabel `product_category`
--

CREATE TABLE `product_category` (
  `id` int(10) NOT NULL,
  `name` varchar(191) NOT NULL
) ENGINE=InnoDB DEFAULT CHARSET=utf8mb4;

--
-- Dumping data untuk tabel `product_category`
--

INSERT INTO `product_category` (`id`, `name`) VALUES
(1, 'Teh Herbal'),
(2, 'Cairan Obat Luar'),
(3, 'Cairan Obat Dalam'),
(4, 'Makanan Berserat'),
(15, 'Obat');

-- --------------------------------------------------------

--
-- Struktur dari tabel `reviews`
--

CREATE TABLE `reviews` (
  `id` bigint(20) NOT NULL,
  `user_id` bigint(20) UNSIGNED DEFAULT NULL,
  `product_id` bigint(20) DEFAULT NULL,
  `title` varchar(191) DEFAULT NULL,
  `review_text` mediumtext NOT NULL,
  `review_date` datetime NOT NULL,
  `status` tinyint(1) NOT NULL DEFAULT 1
) ENGINE=InnoDB DEFAULT CHARSET=utf8mb4;

--
-- Dumping data untuk tabel `reviews`
--

INSERT INTO `reviews` (`id`, `user_id`, `product_id`, `title`, `review_text`, `review_date`, `status`) VALUES
(12, 15, 3, 'Berkhasiat', 'Pengiriman cepat dan sangat berkhasiat', '2022-06-28 14:20:18', 1),
(13, 2, 3, 'Berkhasiat', 'Terima Kasih berkat ini saya jadi sehat dan dapat beraktivitas lagi', '2022-06-29 04:35:47', 1),
(14, 16, 4, 'Berkhasiat', 'Langsung segar bahan setelah mengkonsumsi', '2022-06-29 13:24:45', 1);

-- --------------------------------------------------------

--
-- Struktur dari tabel `settings`
--

CREATE TABLE `settings` (
  `id` int(10) NOT NULL,
  `key` varchar(32) NOT NULL,
  `content` text NOT NULL
) ENGINE=InnoDB DEFAULT CHARSET=utf8mb4;

--
-- Dumping data untuk tabel `settings`
--

INSERT INTO `settings` (`id`, `key`, `content`) VALUES
(1, 'current_theme_name', 'vegefoods'),
(2, 'store_name', 'Dari Teman Sejati'),
(3, 'store_phone_number', '089630313181'),
(4, 'store_email', 'temansejati176@gmail.co'),
(5, 'store_tagline', 'Kesehatan / Kecantikan'),
(6, 'store_logo', 'Logo.png'),
(7, 'max_product_image_size', '20000'),
(8, 'store_description', 'Dari Teman Sejati Untuk Anda Sehat'),
(9, 'store_address', 'Mojokerto - Jawa Timur'),
(10, 'min_shop_to_free_shipping_cost', ''),
(11, 'shipping_cost', ''),
(12, 'payment_banks', '{\"bca\":{\"bank\":\"BCA\",\"number\":\"13062001\",\"name\":\"Dari Teman Sejati\"},\"bri\":{\"bank\":\"BRI\",\"number\":\"17062022\",\"name\":\"Mamik Wijaya\"}}');

-- --------------------------------------------------------

--
-- Struktur dari tabel `token`
--

CREATE TABLE `token` (
  `id` int(11) NOT NULL,
  `email` varchar(128) DEFAULT NULL,
  `token` varchar(128) DEFAULT NULL,
  `date_created` int(11) DEFAULT NULL
) ENGINE=InnoDB DEFAULT CHARSET=utf8mb4;

-- --------------------------------------------------------

--
-- Struktur dari tabel `users`
--

CREATE TABLE `users` (
  `id` bigint(20) UNSIGNED NOT NULL,
  `name` varchar(50) COLLATE utf8mb4_unicode_ci DEFAULT NULL,
  `email` varchar(191) COLLATE utf8mb4_unicode_ci NOT NULL,
  `email_verified_at` timestamp NULL DEFAULT NULL,
  `username` varchar(16) COLLATE utf8mb4_unicode_ci NOT NULL,
  `password` varchar(191) COLLATE utf8mb4_unicode_ci NOT NULL,
  `profile_picture` varchar(128) COLLATE utf8mb4_unicode_ci DEFAULT NULL,
  `role` varchar(32) COLLATE utf8mb4_unicode_ci DEFAULT '0' COMMENT '1 = admin, 2 = customer',
  `register_date` datetime DEFAULT NULL,
  `is_active` int(11) NOT NULL
) ENGINE=InnoDB DEFAULT CHARSET=utf8mb4 COLLATE=utf8mb4_unicode_ci;

--
-- Dumping data untuk tabel `users`
--

INSERT INTO `users` (`id`, `name`, `email`, `email_verified_at`, `username`, `password`, `profile_picture`, `role`, `register_date`, `is_active`) VALUES
(1, 'Dari Teman Sejati', 'temansejati176@gmail.com', NULL, 'admin', '123', 'Admin1.png', 'admin', NULL, 1),
(2, NULL, 'graciapraisedayanti13@gmail.com', NULL, 'E31192304', '12345', NULL, 'customer', '2022-04-29 16:07:41', 1),
(13, NULL, 'bagusjayatri72@gmail.com', NULL, 'Bagus', '12345', NULL, 'customer', '2022-06-16 14:55:29', 1),
(14, NULL, 'praise@gmail.com', NULL, 'Praise', '12345', NULL, 'customer', '2022-06-17 03:44:24', 1),
(15, NULL, 'ardiyanramadhan4@gmail.com', NULL, 'Ardiyan', '123', NULL, 'customer', '2022-06-25 06:01:16', 1),
(16, NULL, 'denyfajar12@gmail.com', NULL, 'Deny', '12345', NULL, 'customer', '2022-06-29 13:08:40', 1);

--
-- Indexes for dumped tables
--

--
-- Indeks untuk tabel `balasan`
--
ALTER TABLE `balasan`
  ADD PRIMARY KEY (`id`);

--
-- Indeks untuk tabel `ci_sessions`
--
ALTER TABLE `ci_sessions`
  ADD KEY `ci_sessions_timestamp` (`timestamp`);

--
-- Indeks untuk tabel `contacts`
--
ALTER TABLE `contacts`
  ADD PRIMARY KEY (`id`),
  ADD KEY `FK_contacts_contacts` (`parent_id`);

--
-- Indeks untuk tabel `coupons`
--
ALTER TABLE `coupons`
  ADD PRIMARY KEY (`id`);

--
-- Indeks untuk tabel `customers`
--
ALTER TABLE `customers`
  ADD PRIMARY KEY (`id`),
  ADD KEY `FK_customers_users` (`user_id`);

--
-- Indeks untuk tabel `notifikasi`
--
ALTER TABLE `notifikasi`
  ADD PRIMARY KEY (`id`);

--
-- Indeks untuk tabel `orders`
--
ALTER TABLE `orders`
  ADD PRIMARY KEY (`id`),
  ADD KEY `FK_orders_users` (`user_id`),
  ADD KEY `FK_orders_coupons` (`coupon_id`);

--
-- Indeks untuk tabel `order_items`
--
ALTER TABLE `order_items`
  ADD PRIMARY KEY (`id`),
  ADD KEY `order_id` (`order_id`),
  ADD KEY `product_id` (`product_id`);

--
-- Indeks untuk tabel `payments`
--
ALTER TABLE `payments`
  ADD PRIMARY KEY (`id`),
  ADD KEY `order_id` (`order_id`);

--
-- Indeks untuk tabel `products`
--
ALTER TABLE `products`
  ADD PRIMARY KEY (`id`),
  ADD KEY `FK_products_product_category` (`category_id`);

--
-- Indeks untuk tabel `product_category`
--
ALTER TABLE `product_category`
  ADD PRIMARY KEY (`id`);

--
-- Indeks untuk tabel `reviews`
--
ALTER TABLE `reviews`
  ADD PRIMARY KEY (`id`),
  ADD KEY `FK_reviews_users` (`user_id`),
  ADD KEY `FK_reviews_orders` (`product_id`);

--
-- Indeks untuk tabel `settings`
--
ALTER TABLE `settings`
  ADD PRIMARY KEY (`id`) USING BTREE;

--
-- Indeks untuk tabel `token`
--
ALTER TABLE `token`
  ADD PRIMARY KEY (`id`);

--
-- Indeks untuk tabel `users`
--
ALTER TABLE `users`
  ADD PRIMARY KEY (`id`) USING BTREE,
  ADD UNIQUE KEY `users_email_unique` (`email`) USING BTREE;

--
-- AUTO_INCREMENT untuk tabel yang dibuang
--

--
-- AUTO_INCREMENT untuk tabel `balasan`
--
ALTER TABLE `balasan`
  MODIFY `id` int(11) NOT NULL AUTO_INCREMENT, AUTO_INCREMENT=4;

--
-- AUTO_INCREMENT untuk tabel `contacts`
--
ALTER TABLE `contacts`
  MODIFY `id` int(10) NOT NULL AUTO_INCREMENT, AUTO_INCREMENT=19;

--
-- AUTO_INCREMENT untuk tabel `coupons`
--
ALTER TABLE `coupons`
  MODIFY `id` bigint(20) NOT NULL AUTO_INCREMENT, AUTO_INCREMENT=10;

--
-- AUTO_INCREMENT untuk tabel `customers`
--
ALTER TABLE `customers`
  MODIFY `id` bigint(20) NOT NULL AUTO_INCREMENT, AUTO_INCREMENT=16;

--
-- AUTO_INCREMENT untuk tabel `notifikasi`
--
ALTER TABLE `notifikasi`
  MODIFY `id` int(11) NOT NULL AUTO_INCREMENT, AUTO_INCREMENT=12;

--
-- AUTO_INCREMENT untuk tabel `orders`
--
ALTER TABLE `orders`
  MODIFY `id` bigint(20) NOT NULL AUTO_INCREMENT, AUTO_INCREMENT=66;

--
-- AUTO_INCREMENT untuk tabel `order_items`
--
ALTER TABLE `order_items`
  MODIFY `id` bigint(20) NOT NULL AUTO_INCREMENT, AUTO_INCREMENT=79;

--
-- AUTO_INCREMENT untuk tabel `payments`
--
ALTER TABLE `payments`
  MODIFY `id` bigint(20) NOT NULL AUTO_INCREMENT, AUTO_INCREMENT=31;

--
-- AUTO_INCREMENT untuk tabel `products`
--
ALTER TABLE `products`
  MODIFY `id` bigint(20) NOT NULL AUTO_INCREMENT, AUTO_INCREMENT=28;

--
-- AUTO_INCREMENT untuk tabel `product_category`
--
ALTER TABLE `product_category`
  MODIFY `id` int(10) NOT NULL AUTO_INCREMENT, AUTO_INCREMENT=16;

--
-- AUTO_INCREMENT untuk tabel `reviews`
--
ALTER TABLE `reviews`
  MODIFY `id` bigint(20) NOT NULL AUTO_INCREMENT, AUTO_INCREMENT=15;

--
-- AUTO_INCREMENT untuk tabel `settings`
--
ALTER TABLE `settings`
  MODIFY `id` int(10) NOT NULL AUTO_INCREMENT, AUTO_INCREMENT=13;

--
-- AUTO_INCREMENT untuk tabel `token`
--
ALTER TABLE `token`
  MODIFY `id` int(11) NOT NULL AUTO_INCREMENT, AUTO_INCREMENT=7;

--
-- AUTO_INCREMENT untuk tabel `users`
--
ALTER TABLE `users`
  MODIFY `id` bigint(20) UNSIGNED NOT NULL AUTO_INCREMENT, AUTO_INCREMENT=17;

--
-- Ketidakleluasaan untuk tabel pelimpahan (Dumped Tables)
--

--
-- Ketidakleluasaan untuk tabel `customers`
--
ALTER TABLE `customers`
  ADD CONSTRAINT `FK_customers_users` FOREIGN KEY (`user_id`) REFERENCES `users` (`id`) ON DELETE NO ACTION ON UPDATE CASCADE;

--
-- Ketidakleluasaan untuk tabel `orders`
--
ALTER TABLE `orders`
  ADD CONSTRAINT `FK_orders_coupons` FOREIGN KEY (`coupon_id`) REFERENCES `coupons` (`id`) ON DELETE SET NULL ON UPDATE CASCADE,
  ADD CONSTRAINT `FK_orders_users` FOREIGN KEY (`user_id`) REFERENCES `users` (`id`) ON DELETE NO ACTION ON UPDATE CASCADE;

--
-- Ketidakleluasaan untuk tabel `order_items`
--
ALTER TABLE `order_items`
  ADD CONSTRAINT `order_items_ibfk_1` FOREIGN KEY (`order_id`) REFERENCES `orders` (`id`) ON DELETE CASCADE ON UPDATE NO ACTION,
  ADD CONSTRAINT `order_items_ibfk_2` FOREIGN KEY (`product_id`) REFERENCES `products` (`id`) ON DELETE CASCADE ON UPDATE NO ACTION;

--
-- Ketidakleluasaan untuk tabel `payments`
--
ALTER TABLE `payments`
  ADD CONSTRAINT `payments_ibfk_1` FOREIGN KEY (`order_id`) REFERENCES `orders` (`id`);

--
-- Ketidakleluasaan untuk tabel `products`
--
ALTER TABLE `products`
  ADD CONSTRAINT `products_ibfk_1` FOREIGN KEY (`category_id`) REFERENCES `product_category` (`id`);

--
-- Ketidakleluasaan untuk tabel `reviews`
--
ALTER TABLE `reviews`
  ADD CONSTRAINT `reviews_ibfk_1` FOREIGN KEY (`user_id`) REFERENCES `users` (`id`);
COMMIT;

/*!40101 SET CHARACTER_SET_CLIENT=@OLD_CHARACTER_SET_CLIENT */;
/*!40101 SET CHARACTER_SET_RESULTS=@OLD_CHARACTER_SET_RESULTS */;
/*!40101 SET COLLATION_CONNECTION=@OLD_COLLATION_CONNECTION */;
